
Commit at Fri May  9 06:42:20 UTC 2025
Commit at Sat May 10 03:13:22 UTC 2025
Commit at Sun May 11 03:30:13 UTC 2025
Commit at Mon May 12 03:31:48 UTC 2025
Commit at Tue May 13 03:30:45 UTC 2025
Commit at Wed May 14 03:29:13 UTC 2025
Commit at Thu May 15 03:29:16 UTC 2025
Commit at Fri May 16 03:31:38 UTC 2025
Commit at Sat May 17 03:16:16 UTC 2025
Commit at Sun May 18 03:33:52 UTC 2025
Commit at Mon May 19 03:36:36 UTC 2025
Commit at Tue May 20 03:31:02 UTC 2025
Commit at Wed May 21 03:30:10 UTC 2025
Commit at Thu May 22 03:30:32 UTC 2025
Commit at Fri May 23 03:30:17 UTC 2025
Commit at Sat May 24 03:15:20 UTC 2025
Commit at Sun May 25 03:36:59 UTC 2025
Commit at Mon May 26 03:34:32 UTC 2025
Commit at Tue May 27 03:30:12 UTC 2025
Commit at Wed May 28 03:31:54 UTC 2025
Commit at Thu May 29 03:32:46 UTC 2025
Commit at Fri May 30 03:31:23 UTC 2025
Commit at Sat May 31 03:28:57 UTC 2025
Commit at Sun Jun  1 03:51:33 UTC 2025
Commit at Mon Jun  2 03:40:59 UTC 2025
Commit at Tue Jun  3 00:53:14 UTC 2025
Commit at Wed Jun  4 00:53:02 UTC 2025
Commit at Thu Jun  5 00:52:15 UTC 2025
Commit at Fri Jun  6 00:51:46 UTC 2025
Commit at Sat Jun  7 00:51:38 UTC 2025
Commit at Sun Jun  8 00:57:40 UTC 2025
Commit at Mon Jun  9 00:55:52 UTC 2025
Commit at Tue Jun 10 00:52:49 UTC 2025
Commit at Wed Jun 11 00:53:00 UTC 2025
Commit at Thu Jun 12 00:52:31 UTC 2025
Commit at Fri Jun 13 00:53:03 UTC 2025
Commit at Sat Jun 14 00:50:55 UTC 2025
Commit at Sun Jun 15 00:58:26 UTC 2025
Commit at Mon Jun 16 00:55:01 UTC 2025
Commit at Tue Jun 17 00:53:04 UTC 2025
Commit at Wed Jun 18 00:53:04 UTC 2025
Commit at Thu Jun 19 00:53:04 UTC 2025
Commit at Fri Jun 20 00:52:52 UTC 2025
Commit at Sat Jun 21 00:51:57 UTC 2025
Commit at Sun Jun 22 00:58:08 UTC 2025
Commit at Mon Jun 23 00:56:42 UTC 2025
Commit at Tue Jun 24 00:53:30 UTC 2025
Commit at Wed Jun 25 00:54:01 UTC 2025
Commit at Thu Jun 26 00:53:16 UTC 2025
Commit at Fri Jun 27 00:54:00 UTC 2025
Commit at Sat Jun 28 00:51:40 UTC 2025
Commit at Sun Jun 29 00:59:28 UTC 2025
Commit at Mon Jun 30 00:57:04 UTC 2025
Commit at Tue Jul  1 00:59:57 UTC 2025
Commit at Wed Jul  2 00:53:37 UTC 2025
Commit at Thu Jul  3 00:53:17 UTC 2025
Commit at Fri Jul  4 00:53:08 UTC 2025
Commit at Sat Jul  5 00:50:53 UTC 2025
Commit at Sun Jul  6 00:58:34 UTC 2025
Commit at Mon Jul  7 00:57:46 UTC 2025
Commit at Tue Jul  8 00:53:33 UTC 2025
Commit at Wed Jul  9 00:54:37 UTC 2025
Commit at Thu Jul 10 00:54:24 UTC 2025
Commit at Fri Jul 11 00:54:53 UTC 2025
Commit at Sat Jul 12 00:56:12 UTC 2025
Commit at Sun Jul 13 01:00:24 UTC 2025
Commit at Mon Jul 14 00:57:56 UTC 2025
Commit at Tue Jul 15 00:56:41 UTC 2025
Commit at Wed Jul 16 00:55:57 UTC 2025
Commit at Thu Jul 17 00:56:16 UTC 2025
Commit at Fri Jul 18 00:55:29 UTC 2025
Commit at Sat Jul 19 00:54:21 UTC 2025
Commit at Sun Jul 20 01:01:36 UTC 2025
Commit at Mon Jul 21 00:59:32 UTC 2025
Commit at Tue Jul 22 00:56:06 UTC 2025
Commit at Wed Jul 23 00:56:53 UTC 2025
Commit at Thu Jul 24 00:56:25 UTC 2025
Commit at Fri Jul 25 00:56:05 UTC 2025
Commit at Sat Jul 26 00:54:44 UTC 2025
Commit at Sun Jul 27 01:01:42 UTC 2025
Commit at Mon Jul 28 01:00:28 UTC 2025
Commit at Tue Jul 29 01:02:27 UTC 2025
Commit at Wed Jul 30 00:57:17 UTC 2025
Commit at Thu Jul 31 00:57:12 UTC 2025
Commit at Fri Aug  1 01:03:36 UTC 2025
Commit at Sat Aug  2 00:54:32 UTC 2025
Commit at Sun Aug  3 01:02:48 UTC 2025
Commit at Mon Aug  4 01:01:56 UTC 2025
Commit at Tue Aug  5 00:58:38 UTC 2025
Commit at Wed Aug  6 00:57:33 UTC 2025
Commit at Thu Aug  7 00:58:07 UTC 2025
Commit at Fri Aug  8 00:57:50 UTC 2025
Commit at Sat Aug  9 00:52:34 UTC 2025
Commit at Sun Aug 10 01:00:46 UTC 2025
Commit at Mon Aug 11 00:58:41 UTC 2025
Commit at Tue Aug 12 00:52:50 UTC 2025
Commit at Wed Aug 13 00:53:55 UTC 2025
Commit at Thu Aug 14 00:54:05 UTC 2025
Commit at Fri Aug 15 00:54:19 UTC 2025
Commit at Sat Aug 16 00:51:24 UTC 2025
Commit at Sun Aug 17 00:57:50 UTC 2025
Commit at Mon Aug 18 00:57:31 UTC 2025
Commit at Tue Aug 19 00:52:17 UTC 2025
Commit at Wed Aug 20 00:49:48 UTC 2025
Commit at Thu Aug 21 00:48:37 UTC 2025
Commit at Fri Aug 22 00:50:40 UTC 2025
Commit at Sat Aug 23 00:47:28 UTC 2025
Commit at Sun Aug 24 00:56:12 UTC 2025
Commit at Mon Aug 25 00:52:40 UTC 2025
Commit at Tue Aug 26 00:50:42 UTC 2025
Commit at Wed Aug 27 00:49:09 UTC 2025
Commit at Thu Aug 28 00:48:12 UTC 2025
Commit at Fri Aug 29 00:48:23 UTC 2025
Commit at Sat Aug 30 00:45:07 UTC 2025
Commit at Sun Aug 31 00:52:52 UTC 2025
Commit at Mon Sep  1 00:58:44 UTC 2025
Commit at Tue Sep  2 00:49:26 UTC 2025
Commit at Wed Sep  3 00:45:10 UTC 2025
Commit at Thu Sep  4 00:45:45 UTC 2025
Commit at Fri Sep  5 00:46:59 UTC 2025
Commit at Sat Sep  6 00:45:26 UTC 2025
Commit at Sun Sep  7 00:52:24 UTC 2025
Commit at Mon Sep  8 00:51:11 UTC 2025
Commit at Tue Sep  9 00:47:41 UTC 2025
Commit at Wed Sep 10 00:46:23 UTC 2025
Commit at Thu Sep 11 00:47:36 UTC 2025
Commit at Fri Sep 12 00:45:07 UTC 2025
Commit at Sat Sep 13 00:43:32 UTC 2025
Commit at Sun Sep 14 00:51:22 UTC 2025
Commit at Mon Sep 15 00:51:53 UTC 2025
Commit at Tue Sep 16 00:45:48 UTC 2025
Commit at Wed Sep 17 00:46:05 UTC 2025
Commit at Thu Sep 18 00:45:20 UTC 2025
Commit at Fri Sep 19 00:48:48 UTC 2025
Commit at Sat Sep 20 00:44:54 UTC 2025
Commit at Sun Sep 21 00:52:59 UTC 2025
Commit at Mon Sep 22 00:52:45 UTC 2025
Commit at Tue Sep 23 00:46:23 UTC 2025
Commit at Wed Sep 24 00:47:19 UTC 2025
Commit at Thu Sep 25 00:47:19 UTC 2025
Commit at Fri Sep 26 00:46:27 UTC 2025
Commit at Sat Sep 27 00:44:57 UTC 2025
Commit at Sun Sep 28 00:53:15 UTC 2025
Commit at Mon Sep 29 00:49:41 UTC 2025
Commit at Tue Sep 30 00:48:20 UTC 2025
Commit at Wed Oct  1 00:54:33 UTC 2025
Commit at Thu Oct  2 00:46:03 UTC 2025
Commit at Fri Oct  3 00:46:09 UTC 2025
Commit at Sat Oct  4 00:43:35 UTC 2025
Commit at Sun Oct  5 00:52:41 UTC 2025
Commit at Mon Oct  6 00:48:47 UTC 2025
Commit at Tue Oct  7 00:46:24 UTC 2025
Commit at Wed Oct  8 00:46:20 UTC 2025
Commit at Thu Oct  9 00:47:36 UTC 2025
Commit at Fri Oct 10 00:47:13 UTC 2025
Commit at Sat Oct 11 00:44:38 UTC 2025
Commit at Sun Oct 12 00:50:46 UTC 2025
Commit at Mon Oct 13 00:52:09 UTC 2025
Commit at Tue Oct 14 00:47:34 UTC 2025
Commit at Wed Oct 15 00:49:34 UTC 2025
Commit at Thu Oct 16 00:49:26 UTC 2025
Commit at Fri Oct 17 00:48:23 UTC 2025
Commit at Sat Oct 18 00:44:52 UTC 2025
Commit at Sun Oct 19 00:55:03 UTC 2025
Commit at Mon Oct 20 00:53:31 UTC 2025
Commit at Tue Oct 21 00:50:39 UTC 2025
Commit at Wed Oct 22 00:51:45 UTC 2025
Commit at Thu Oct 23 00:49:55 UTC 2025
Commit at Fri Oct 24 00:45:17 UTC 2025
Commit at Sat Oct 25 00:47:51 UTC 2025
Commit at Sun Oct 26 00:53:19 UTC 2025
Commit at Mon Oct 27 00:54:52 UTC 2025
Commit at Tue Oct 28 00:48:23 UTC 2025
Commit at Wed Oct 29 00:52:29 UTC 2025
Commit at Thu Oct 30 00:52:20 UTC 2025
Commit at Fri Oct 31 00:50:44 UTC 2025
Commit at Sat Nov  1 00:53:55 UTC 2025
Commit at Sun Nov  2 00:54:29 UTC 2025
Commit at Mon Nov  3 00:53:52 UTC 2025
Commit at Tue Nov  4 00:51:04 UTC 2025
Commit at Wed Nov  5 00:52:45 UTC 2025
Commit at Thu Nov  6 00:51:44 UTC 2025
Commit at Fri Nov  7 00:51:28 UTC 2025
Commit at Sat Nov  8 00:47:15 UTC 2025
